<?xml version="1.0" encoding="UTF-8"?>
<Configuration status="WARN">
    <Appenders>
        <!-- Console Appender -->
        <Console name="Console" target="SYSTEM_OUT">
            <PatternLayout pattern="%d{HH:mm:ss} [%t] %-5level: %msg%n"/>
        </Console>

        <!-- Rolling File Appender -->
        <RollingFile name="RollingFileAppender" fileName="logs/Timer.log"
                     filePattern="logs/Timer-%d{yyyy-MM-dd-HH-mm-ss}.log">
            <PatternLayout pattern="%d{yyyy-MM-dd HH:mm:ss} [%t] %-5level: %msg%n"/>
            <Policies>
                <SizeBasedTriggeringPolicy size="1 MB"/>
            </Policies>
            <DefaultRolloverStrategy max="10"/>
            <Actions>
                <!-- Delete old logs after 1 day -->
                <Delete basePath="logs">
                    <IfFileName glob="Timer-*.log"/>
                    <IfLastModified age="1d"/>
                </Delete>
            </Actions>
        </RollingFile>
    </Appenders>

    <Loggers>
        <!-- Root Logger -->
        <Root level="debug">
            <AppenderRef ref="Console"/>
            <AppenderRef ref="RollingFileAppender"/>
        </Root>
    </Loggers>
</Configuration>
